Loan ID,Borrower,Type,Principal,Outstanding,Rate,Tenure,EMI,Risk,Status,Credit Score
LN-0600,Tushar Bajaj,Home Loan,1069315,1069315,7.8,177,10186,Low,Active,806
LN-0049,Arjun Verma,Business Loan,1682174,Infinity,14.92,59,40405,Critical,Active,411
LN-0335,Pallavi Narayan,Auto Loan,137726,Infinity,11.62,57,3155,Medium,Active,746
LN-0356,Sanjay Mishra,Home Loan,455527,Infinity,8.44,297,3660,Low,Active,871
LN-0369,Suresh Iyer,Business Loan,2686218,Infinity,11.73,167,32700,Low,Active,750
LN-0406,Meena Pillai,Education Loan,172552,Infinity,10.64,76,3130,Critical,Active,544
LN-0513,Pradeep Pandey,Auto Loan,120348,Infinity,9.02,36,3828,Low,Active,808
LN-0486,Sanjay Mishra,Business Loan,1474021,Infinity,10.39,73,27326,Low,Restructured,796
LN-0504,Nikhil Chatterjee,Home Loan,1767473,Infinity,8.71,96,25629,Medium,Active,696
LN-0065,Ritu Saxena,Home Loan,971951,Infinity,7.64,212,8367,Low,Active,859
LN-0458,Sneha Gupta,Education Loan,180688,Infinity,10.61,88,2963,Low,Active,729
LN-0193,Lata Kulkarni,Personal Loan,91818,Infinity,14.34,60,2153,Medium,Active,670
LN-0453,Tushar Bajaj,Home Loan,1891206,Infinity,7.59,247,15155,Medium,Active,677
LN-0017,Sarita Menon,Auto Loan,40890,Infinity,10.39,36,1327,Medium,Active,677
LN-0291,Suresh Iyer,Auto Loan,63772,Infinity,9.07,67,1217,Low,Active,855
LN-0433,Ashok Hegde,Personal Loan,89678,Infinity,11.7,57,2058,Medium,Active,641
LN-0472,Meena Pillai,Home Loan,191832,Infinity,7.9,161,1936,Low,Active,780
LN-0207,Kiran Rao,Personal Loan,53264,Infinity,15.97,60,1294,High,Active,570
LN-0187,Deepika Joshi,Home Loan,380240,Infinity,7.45,198,3342,Critical,Active,535
LN-0411,Ritu Saxena,Gold Loan,43705,Infinity,13.21,6,7567,Medium,Active,748
LN-0233,Kavita Nair,Gold Loan,33076,Infinity,14.59,17,2165,Critical,Active,521
LN-0272,Vikram Singh,Home Loan,1198894,Infinity,9.33,88,18863,Medium,Restructured,674
LN-0505,Ashok Hegde,Personal Loan,57885,Infinity,17.12,57,1491,Medium,Active,645
LN-0269,Kavita Nair,Gold Loan,20789,Infinity,14.76,8,2745,Critical,Active,436
LN-0520,Rajesh Sharma,Home Loan,233257,Infinity,8.79,100,3298,Low,Active,776
LN-0271,Swati Rangan,Home Loan,471402,Infinity,7.26,318,3343,Low,Active,828
LN-0311,Rajesh Sharma,Home Loan,852789,Infinity,9.48,328,7289,Low,Active,846
LN-0268,Kiran Rao,Personal Loan,32829,Infinity,10.61,50,815,Medium,Restructured,642
LN-0577,Ananya Reddy,Personal Loan,37682,Infinity,15.18,30,1517,Low,Active,757
LN-0026,Hemant Deshmukh,Education Loan,94006,Infinity,11.51,103,1441,Low,Active,818
LN-0188,Amit Kumar,Home Loan,389234,Infinity,9.23,228,3626,Low,Active,881
LN-0330,Meena Pillai,Auto Loan,73793,Infinity,9.96,40,2176,Medium,Active,709
LN-0554,Gaurav Trivedi,Auto Loan,37890,Infinity,10.13,67,743,High,Active,584
LN-0563,Priya Patel,Business Loan,2558589,Infinity,8.04,122,30765,Low,Active,759
LN-0308,Priya Patel,Home Loan,804461,Infinity,8.65,278,6710,Low,Active,764
LN-0404,Pradeep Pandey,Home Loan,1389939,210314255,8.08,266,11246,Medium,Active,671
LN-0492,Neha Kapoor,Auto Loan,109078,0,10.02,42,3090,Low,Closed,783
LN-0442,Sarita Menon,Home Loan,589081,102899514,6.96,149,5916,Medium,Active,634
LN-0482,Deepika Joshi,Home Loan,221732,29788001,9.06,86,3515,High,Active,520
LN-0140,Anita Bose,Education Loan,119615,13691288,10.71,113,1685,Low,Restructured,743
LN-0154,Kavita Nair,Auto Loan,18703,0,7.98,14,1404,Medium,Closed,728
LN-0096,Vikram Singh,Home Loan,1295621,195424403,8.11,321,9895,Medium,Active,629
LN-0214,Sarita Menon,Home Loan,946376,144285168,8.01,203,8526,Medium,Active,723
LN-0580,Rajesh Sharma,Auto Loan,78880,10339306,8.93,20,4259,Low,Active,761
LN-0055,Rekha Iyer,Personal Loan,97845,8886594,13.36,37,3241,Low,Active,734
LN-0062,Ashok Hegde,Auto Loan,137733,14269843,11.8,67,2816,Low,Active,760
LN-0105,Dinesh Bhatt,Education Loan,181753,17937613,12.29,41,5451,Medium,Restructured,673
LN-0121,Manish Agarwal,Home Loan,254958,40795668,7.61,144,2706,Low,Restructured,725
LN-0304,Pallavi Narayan,Home Loan,1669434,247308105,8.26,307,13084,Low,Restructured,729
LN-0507,Swati Rangan,Personal Loan,41334,4959045,10.11,55,942,High,Active,556
LN-0381,Rohan Mehta,Auto Loan,97286,11584028,10.21,62,2026,Critical,Active,373
LN-0426,Hemant Deshmukh,Business Loan,1085784,161314535,8.01,32,37796,Medium,Active,641
LN-0297,Ritu Saxena,Home Loan,1717122,0,7.89,77,28491,High,Closed,651
LN-0478,Shalini Ahuja,Business Loan,2672382,239493529,13.69,60,61753,Low,Active,791
LN-0596,Vikram Singh,Home Loan,855007,151531894,6.88,322,5827,Medium,Active,661
LN-0423,Lata Kulkarni,Auto Loan,48066,7522021,7.74,78,786,Low,Active,766
LN-0051,Suresh Iyer,Business Loan,783683,84761999,11.37,137,10238,Low,Active,781
LN-0387,Ashok Hegde,Business Loan,1999334,253597972,9.65,136,24230,High,Active,571
LN-0499,Lata Kulkarni,Auto Loan,101086,0,11.62,12,8963,Low,Closed,721
LN-0290,Tushar Bajaj,Auto Loan,70560,0,9.44,35,2314,High,Closed,650
LN-0056,Gaurav Trivedi,Home Loan,1212987,213254473,6.92,171,11175,Medium,Active,639
LN-0058,Rohan Mehta,Personal Loan,90075,9991271,10.75,27,3771,Low,Active,753
LN-0131,Ananya Reddy,Home Loan,1696218,249565971,8.3,171,16946,High,Active,630
LN-0475,Suresh Iyer,Business Loan,2329714,205877072,14.01,131,34808,Low,Active,787
LN-0371,Varun Malhotra,Auto Loan,47990,0,11.61,31,1799,Low,Closed,884
LN-0469,Meena Pillai,Business Loan,1655386,154875227,13.2,124,24526,Medium,Active,691
LN-0264,Vikram Singh,Personal Loan,53812,4272892,15.52,58,1325,Medium,Restructured,627
LN-0359,Sneha Gupta,Personal Loan,36657,2978363,14.45,16,2533,Low,Restructured,740
LN-0564,Arjun Verma,Home Loan,965897,132395343,8.94,269,8327,Low,Active,723
LN-0162,Sanjay Mishra,Home Loan,299958,0,9.27,286,2606,High,Closed,564
LN-0463,Neha Kapoor,Personal Loan,17342,1354634,15.71,45,512,Low,Active,852
LN-0135,Pooja Das,Personal Loan,84735,6707164,15.58,60,2042,Low,Active,839
LN-0339,Meena Pillai,Home Loan,635900,0,8.17,220,5585,Medium,Closed,724
LN-0067,Nikhil Chatterjee,Home Loan,1369744,108497422,7.83,296,10464,Medium,Active,679
LN-0460,Sarita Menon,Auto Loan,106173,0,8.73,61,2161,Low,Closed,748
LN-0190,Anita Bose,Home Loan,362915,32670704,6.86,320,2474,Low,Active,889
LN-0351,Tushar Bajaj,Education Loan,97242,4716036,12.87,72,1945,Medium,Active,670
LN-0473,Ashok Hegde,Business Loan,2446885,123786039,12.49,172,30628,High,Restructured,568
LN-0561,Ravi Dubey,Personal Loan,60651,2672430,12.7,15,4394,Medium,Active,675
LN-0082,Sneha Gupta,Auto Loan,39260,2082851,11.55,50,993,Critical,Active,452
LN-0119,Ravi Dubey,Education Loan,196813,0,10.61,42,5630,High,Closed,594
LN-0168,Rekha Iyer,Education Loan,196049,9585815,12.62,52,4914,Medium,Active,688
LN-0219,Ritu Saxena,Education Loan,18837,17521,10.16,67,370,High,NPA,577
LN-0569,Vikram Singh,Home Loan,348620,30127156,7.16,360,2357,Low,Active,887
LN-0306,Sunita Chauhan,Auto Loan,144530,0,10.79,69,2820,Medium,Closed,634
LN-0091,Shalini Ahuja,Auto Loan,147696,8060995,11.32,66,3016,High,Active,564
LN-0218,Deepika Joshi,Auto Loan,51636,3468329,9.06,59,1088,Medium,Active,733
LN-0081,Sarita Menon,Business Loan,1425161,68466590,12.86,52,35892,Medium,Active,640
LN-0314,Dinesh Bhatt,Auto Loan,137898,0,7.64,49,3285,Low,Closed,849
LN-0399,Vikram Singh,Auto Loan,103784,7534140,8.15,35,3342,Medium,Restructured,652
LN-0117,Tushar Bajaj,Auto Loan,138448,0,11.88,13,11402,Low,Closed,840
LN-0240,Sarita Menon,Auto Loan,129967,7429540,9.39,13,10554,Medium,Active,732
LN-0587,Lata Kulkarni,Home Loan,344584,23083422,9.33,346,2876,Low,Active,824
LN-0050,Ananya Reddy,Personal Loan,13794,0,13.38,46,385,Low,Closed,733
LN-0229,Arjun Verma,Home Loan,1512930,136733416,6.83,300,10530,Critical,Active,446
LN-0391,Sarita Menon,Home Loan,1403501,93561937,9.36,235,13049,High,Active,579
LN-0558,Deepika Joshi,Auto Loan,28592,1667420,10.41,46,756,Critical,Active,406
LN-0143,Dinesh Bhatt,Personal Loan,8664,331788,16.29,43,267,Critical,Restructured,467
LN-0169,Sneha Gupta,Auto Loan,85649,0,11.76,63,1829,Low,Closed,868
LN-0177,Kavita Nair,Home Loan,1200606,0,8.29,327,9270,Low,Closed,818
LN-0178,Ashok Hegde,Auto Loan,75719,6408994,7.15,68,1358,Medium,Active,695
LN-0289,Rekha Iyer,Auto Loan,57089,3740733,9.35,70,1061,Low,Active,803
LN-0213,Shalini Ahuja,Auto Loan,100561,8218111,7.19,34,3278,High,Active,637
LN-0010,Dinesh Bhatt,Personal Loan,91627,40599,10.84,58,2037,High,NPA,568
LN-0285,Tushar Bajaj,Business Loan,582555,29341728,12.53,149,7726,Low,Active,846
LN-0315,Arjun Verma,Education Loan,92471,70022,10.59,118,1264,High,NPA,550
LN-0024,Sanjay Mishra,Personal Loan,94932,4928256,10.24,12,8357,Medium,Restructured,662
LN-0063,Tushar Bajaj,Home Loan,1240191,783868,6.71,262,9030,High,NPA,605
LN-0136,Deepika Joshi,Home Loan,673864,45128282,9.19,87,10639,High,Active,606
LN-0302,Sarita Menon,Personal Loan,95176,0,11.45,57,2173,Medium,Closed,692
LN-0014,Rajesh Sharma,Auto Loan,88151,4948216,11.02,73,1663,Low,Active,749
LN-0447,Sneha Gupta,Home Loan,276572,24029954,7.11,270,2056,Medium,Active,731
LN-0497,Neha Kapoor,Personal Loan,50843,2682186,11.7,60,1123,Low,Active,860
LN-0500,Ritu Saxena,Home Loan,1273712,0,8.1,286,10068,Critical,Closed,446
LN-0016,Kiran Rao,Home Loan,353483,0,7.07,205,2975,Low,Closed,890
LN-0020,Priya Patel,Home Loan,1047249,97335816,6.58,128,11407,High,Active,633
LN-0092,Kiran Rao,Personal Loan,14997,804447,11.19,34,517,Critical,Active,471
LN-0206,Kiran Rao,Business Loan,1874634,99405397,11.78,95,30434,Medium,Active,705
LN-0226,Dinesh Bhatt,Business Loan,628610,0,10.58,37,19985,Low,Closed,866
LN-0246,Rohan Mehta,Auto Loan,40383,3004344,8.21,78,670,Medium,Active,626
LN-0312,Vikram Singh,Home Loan,194849,15484748,7.81,360,1404,Low,Active,745
LN-0484,Meena Pillai,Personal Loan,34910,2044610,10.44,55,801,Low,Active,847
LN-0003,Suresh Iyer,Home Loan,288823,24247308,7.19,62,5591,High,Active,562
LN-0113,Ritu Saxena,Auto Loan,114784,6056857,11.69,59,2567,Low,Active,800
LN-0353,Swati Rangan,Education Loan,163973,9857952,10.3,89,2642,High,Active,526
LN-0174,Pooja Das,Home Loan,986548,0,9.2,313,8326,Low,Closed,827
LN-0211,Priya Patel,Home Loan,1599827,0,8.15,223,13949,Critical,Closed,326
LN-0501,Pooja Das,Auto Loan,103527,0,9.14,49,2539,High,Closed,522
LN-0378,Varun Malhotra,Home Loan,1507632,0,8.49,106,20265,Medium,Closed,699
LN-0036,Priya Patel,Home Loan,1564983,83402257,7.8,143,16840,Low,Active,812
LN-0111,Lata Kulkarni,Auto Loan,36123,1316023,10.55,25,1616,Critical,Active,319
LN-0228,Rekha Iyer,Auto Loan,133899,6430824,8.18,37,4107,Medium,Restructured,683
LN-0523,Pallavi Narayan,Business Loan,1566017,53501206,12.45,92,26501,Low,Active,790
LN-0560,Nikhil Chatterjee,Personal Loan,54168,1434671,13.85,16,3727,Medium,Active,691
LN-0531,Pallavi Narayan,Business Loan,225134,7479174,13.01,166,2930,Medium,Active,637
LN-0013,Tushar Bajaj,Business Loan,999175,0,13.22,110,15717,Medium,Closed,696
LN-0048,Neha Kapoor,Business Loan,2080814,0,14.52,66,45955,Low,Closed,771
LN-0123,Ritu Saxena,Home Loan,1608535,74027309,9.21,334,13387,Low,Active,818
LN-0329,Arjun Verma,Home Loan,456070,21249201,9.07,248,4077,Low,Active,852
LN-0044,Sneha Gupta,Education Loan,87623,2962475,12.35,58,2014,Low,Active,854
LN-0340,Sarita Menon,Home Loan,602172,36004295,6.93,171,5551,High,Active,582
LN-0565,Hemant Deshmukh,Education Loan,115649,0,9.19,45,3048,Medium,Closed,717
LN-0042,Shalini Ahuja,Education Loan,194149,6998717,11.25,41,5725,Medium,Active,626
LN-0141,Deepika Joshi,Home Loan,1340671,59696722,9.5,204,13270,Critical,Active,535
LN-0305,Tushar Bajaj,Auto Loan,110962,47017,9.84,59,2380,High,NPA,657
LN-0479,Nikhil Chatterjee,Home Loan,112122,0,9.17,164,1202,Low,Closed,794
LN-0156,Deepika Joshi,Home Loan,1974913,103253872,8.03,267,15894,Medium,Active,750
LN-0407,Ananya Reddy,Home Loan,937493,43392648,9.13,237,8551,Low,Active,850
LN-0116,Ashok Hegde,Auto Loan,135504,0,7.02,19,7556,High,Closed,552
LN-0260,Pooja Das,Home Loan,1497042,86352954,7.16,131,16502,Medium,Active,635
LN-0095,Kavita Nair,Business Loan,1250584,34719965,14.82,35,44225,Low,Active,729
LN-0465,Hemant Deshmukh,Personal Loan,86498,57074,11.91,16,5873,Critical,NPA,509
LN-0470,Meena Pillai,Home Loan,981817,0,7.63,67,18042,High,Closed,631
LN-0009,Kiran Rao,Business Loan,2024608,93179498,9.03,97,29483,Low,Active,788
LN-0126,Manish Agarwal,Home Loan,299745,14043320,9,209,2845,Low,Active,820
LN-0158,Arjun Verma,Education Loan,139243,4971525,11.89,99,2214,Low,Active,794
LN-0200,Rajesh Sharma,Home Loan,1368871,62807909,9.16,153,15196,Medium,Restructured,705
LN-0532,Nikhil Chatterjee,Personal Loan,12511,313396,14.96,17,821,Critical,Active,345
LN-0267,Arjun Verma,Auto Loan,33909,1391002,9.86,46,888,Medium,Active,710
LN-0395,Rohan Mehta,Home Loan,686259,0,7.32,103,8993,Low,Closed,748
LN-0128,Amit Kumar,Home Loan,1599504,77231557,8.57,94,23420,Low,Active,776
LN-0361,Tushar Bajaj,Auto Loan,55114,2587309,8.79,82,896,Medium,Active,692
LN-0035,Rohan Mehta,Business Loan,1289951,0,14.84,138,19535,Low,Closed,758
LN-0474,Meena Pillai,Business Loan,2238954,85375376,10.56,40,66645,Low,Active,854
LN-0480,Kiran Rao,Auto Loan,122661,5015452,10.15,73,2259,Low,Active,786
LN-0157,Tushar Bajaj,Home Loan,566686,33118696,7.14,271,4217,Low,Active,871
LN-0171,Nikhil Chatterjee,Auto Loan,141103,7579193,7.11,30,5148,Low,Active,887
LN-0401,Shalini Ahuja,Business Loan,937107,32866034,12.16,110,14170,Medium,Active,730
LN-0428,Dinesh Bhatt,Personal Loan,86397,2559476,11.55,13,7102,Medium,Active,654
LN-0101,Pradeep Pandey,Home Loan,1178567,0,8.44,179,11597,Low,Closed,782
LN-0382,Priya Patel,Home Loan,1303440,0,8.56,117,16466,Low,Closed,829
LN-0449,Ashok Hegde,Home Loan,169127,160613,9.26,315,1432,High,NPA,641
LN-0496,Gaurav Trivedi,Personal Loan,9547,273645,13.96,28,401,Low,Active,790
LN-0535,Neha Kapoor,Personal Loan,41739,1088075,16.22,44,1265,Medium,Active,639
LN-0364,Rohan Mehta,Business Loan,1423446,54720556,11.11,180,16277,Critical,Active,486
LN-0491,Lata Kulkarni,Education Loan,182971,0,11.04,109,2666,Critical,Closed,374
LN-0031,Sanjay Mishra,Personal Loan,68511,1613512,17.96,37,2425,Medium,Active,648
LN-0209,Arjun Verma,Home Loan,1692025,86755380,8.21,326,12982,Low,Active,730
LN-0210,Lata Kulkarni,Auto Loan,90112,4586261,7.5,29,3407,Medium,Restructured,648
LN-0316,Hemant Deshmukh,Business Loan,2838239,0,9.56,91,43968,High,Closed,618
LN-0418,Rohan Mehta,Business Loan,1031092,28281419,10.47,27,43029,Low,Active,727
LN-0452,Neha Kapoor,Home Loan,1483261,0,7.88,247,12153,Critical,Closed,459
LN-0524,Sarita Menon,Personal Loan,50247,26617,12.99,42,1495,Critical,NPA,395
LN-0236,Pooja Das,Home Loan,752696,0,7.74,229,6300,High,Closed,642
LN-0506,Pradeep Pandey,Auto Loan,56413,2251524,7.57,57,1181,High,Active,627
LN-0333,Rajesh Sharma,Business Loan,271922,9747762,8.86,128,3291,Low,Active,850
LN-0440,Dinesh Bhatt,Auto Loan,32918,17583,9.85,12,2892,High,NPA,583
LN-0262,Kiran Rao,Home Loan,345939,0,7.39,172,3267,Low,Closed,860
LN-0144,Deepika Joshi,Home Loan,140869,6694900,6.56,145,1409,Medium,Active,717
LN-0252,Lata Kulkarni,Home Loan,602054,540190,8.77,312,4906,High,NPA,606
LN-0069,Pallavi Narayan,Business Loan,2569115,55767294,14.99,59,61804,High,Restructured,625
LN-0094,Kavita Nair,Personal Loan,61070,1514281,12.3,37,1992,Low,Restructured,836
LN-0419,Tushar Bajaj,Business Loan,2053878,73342832,8.37,45,53336,Low,Active,868
LN-0077,Lata Kulkarni,Auto Loan,40945,1270616,9.79,46,1071,Medium,Active,745
LN-0303,Neha Kapoor,Home Loan,313834,0,9.5,278,2797,Low,Closed,804
LN-0454,Tushar Bajaj,Home Loan,1536501,63857567,7.68,332,11178,Low,Active,840
LN-0057,Kiran Rao,Home Loan,758507,33216367,7.22,212,6342,Low,Active,785
LN-0224,Deepika Joshi,Personal Loan,24782,20396,13.8,38,809,High,NPA,614
LN-0247,Suresh Iyer,Auto Loan,40185,1199768,10.66,84,681,Low,Active,770
LN-0155,Ritu Saxena,Business Loan,619796,0,11.51,128,8429,Low,Closed,808
LN-0079,Dinesh Bhatt,Home Loan,1786568,76276237,7.44,255,13964,Low,Active,738
LN-0216,Rohan Mehta,Auto Loan,127912,0,10.24,20,6984,Medium,Closed,707
LN-0255,Amit Kumar,Auto Loan,79896,2586842,9.36,47,2037,Medium,Active,727
LN-0551,Pooja Das,Auto Loan,28867,878160,9.89,41,833,Critical,Active,545
LN-0345,Tushar Bajaj,Auto Loan,38213,30208,7.88,18,2258,Critical,NPA,542
LN-0398,Sanjay Mishra,Auto Loan,39320,0,10.09,22,1965,Low,Closed,776
LN-0041,Rekha Iyer,Home Loan,1684006,67708074,7.75,99,23077,Medium,Active,719
LN-0559,Dinesh Bhatt,Auto Loan,19336,681565,8.81,73,343,Medium,Active,649
LN-0576,Manish Agarwal,Auto Loan,110609,56337,9.21,75,1945,Critical,NPA,441
LN-0578,Pooja Das,Home Loan,1935496,68237689,9.17,319,16221,Low,Active,867
LN-0071,Priya Patel,Gold Loan,46577,109251,10.9,3,15809,Medium,Active,666
LN-0231,Ritu Saxena,Home Loan,1551927,0,8.01,169,15344,Low,Closed,860
LN-0429,Sunita Chauhan,Business Loan,163917,0,14.88,141,2467,Medium,Closed,676
LN-0199,Pradeep Pandey,Business Loan,1028088,23262756,14.87,149,15159,Critical,Active,476
LN-0060,Rekha Iyer,Personal Loan,43274,1084689,12.62,54,1054,High,Restructured,574
LN-0244,Manish Agarwal,Home Loan,298885,13279406,7.14,289,2169,Low,Restructured,780
LN-0273,Vikram Singh,Personal Loan,99086,2653418,11.15,34,3412,Medium,Active,727
LN-0552,Ashok Hegde,Personal Loan,61314,0,10.6,21,3212,Low,Closed,744
LN-0018,Kavita Nair,Personal Loan,64099,1306621,16.07,56,1634,Low,Active,805
LN-0279,Manish Agarwal,Personal Loan,27904,21077,15.73,18,1750,High,NPA,604
LN-0373,Kiran Rao,Gold Loan,28206,614127,14.01,32,1061,High,Active,536
LN-0103,Ritu Saxena,Education Loan,15292,11457,12.09,54,369,Critical,NPA,469
LN-0400,Rajesh Sharma,Business Loan,459776,10936103,12.65,32,17002,Low,Active,779
LN-0598,Kiran Rao,Home Loan,1672797,69237842,7.65,183,15513,Low,Active,725
LN-0331,Pallavi Narayan,Gold Loan,10326,0,10.09,30,391,Low,Closed,729
LN-0509,Rajesh Sharma,Business Loan,1812202,1359830,10.87,120,24830,High,NPA,581
LN-0280,Lata Kulkarni,Home Loan,1690736,63598403,8.47,170,17109,High,Active,563
LN-0354,Pooja Das,Personal Loan,52923,850605,17.16,16,3724,Medium,Active,631
LN-0250,Priya Patel,Auto Loan,41204,1095437,9.52,16,2752,Low,Active,887
LN-0015,Hemant Deshmukh,Auto Loan,18056,627722,8.88,65,351,Medium,Active,728
LN-0594,Rajesh Sharma,Auto Loan,117268,4237911,8.52,66,2232,Medium,Active,625
LN-0204,Pallavi Narayan,Business Loan,2687754,0,13.63,139,38549,Low,Closed,874
LN-0239,Rekha Iyer,Gold Loan,36951,672304,10.79,16,2490,Low,Active,847
LN-0281,Nikhil Chatterjee,Gold Loan,36651,494696,12.25,11,3539,Low,Active,749
LN-0461,Gaurav Trivedi,Business Loan,1283701,34753141,9.36,80,21631,Low,Active,827
LN-0270,Amit Kumar,Auto Loan,142472,3257514,10.81,47,3732,Low,Active,750
LN-0324,Nikhil Chatterjee,Business Loan,2705241,1969712,13.45,135,38977,High,NPA,548
LN-0074,Ravi Dubey,Personal Loan,66783,0,10.67,50,1660,Low,Closed,871
LN-0519,Hemant Deshmukh,Home Loan,1329664,0,8.16,302,10383,Critical,Closed,389
LN-0430,Rohan Mehta,Education Loan,37407,795730,12.37,84,668,Low,Active,750
LN-0413,Rekha Iyer,Home Loan,991012,0,9.11,156,10862,Low,Closed,854
LN-0099,Manish Agarwal,Personal Loan,96902,1722614,14.61,49,2637,Critical,Active,364
LN-0112,Pallavi Narayan,Auto Loan,35284,14526,11.9,71,695,High,NPA,629
LN-0490,Vikram Singh,Home Loan,1364333,1076785,8.39,233,11883,High,NPA,646
LN-0083,Shalini Ahuja,Auto Loan,43480,954340,10.01,24,2007,Medium,Active,716
LN-0357,Lata Kulkarni,Personal Loan,53780,0,15.81,60,1302,Medium,Closed,710
LN-0106,Varun Malhotra,Business Loan,1291834,31101047,10.91,117,17981,High,Active,543
LN-0118,Tushar Bajaj,Gold Loan,38889,634483,15.02,30,1563,Low,Active,870
LN-0300,Tushar Bajaj,Personal Loan,23517,0,12.82,17,1520,Medium,Closed,724
LN-0445,Ananya Reddy,Business Loan,1686748,0,13.87,61,38689,High,Closed,537
LN-0367,Sneha Gupta,Business Loan,885516,16948351,14.4,170,12237,High,Active,650
LN-0033,Rajesh Sharma,Home Loan,1303374,37635247,8.95,140,15033,High,Active,559
LN-0397,Amit Kumar,Auto Loan,119438,2527798,10.93,29,4705,High,Active,522
LN-0568,Amit Kumar,Personal Loan,69780,1323843,13.21,41,2124,Low,Active,842
LN-0476,Sanjay Mishra,Auto Loan,15764,14687,9.03,81,261,Critical,NPA,351
LN-0008,Kavita Nair,Auto Loan,77295,1610954,10.37,22,3873,Low,Active,874
LN-0127,Kiran Rao,Gold Loan,43947,103158,12.03,3,14944,High,Active,607
LN-0124,Amit Kumar,Education Loan,151181,0,9.1,90,2324,Low,Closed,797
LN-0293,Pooja Das,Auto Loan,67423,36284,9.27,45,1779,Critical,NPA,327
LN-0338,Sneha Gupta,Auto Loan,95668,2150128,11.22,55,2233,Low,Active,802
LN-0481,Ravi Dubey,Personal Loan,43154,670399,17.05,45,1305,Medium,Active,711
LN-0313,Kiran Rao,Auto Loan,74058,0,9.5,31,2703,High,Closed,658
LN-0203,Swati Rangan,Auto Loan,114747,3202312,8.3,36,3612,Low,Restructured,826
LN-0021,Rohan Mehta,Business Loan,1026358,0,14.09,127,15591,High,Closed,544
LN-0037,Suresh Iyer,Home Loan,1728247,57333533,7.79,251,13973,High,Active,523
LN-0120,Meena Pillai,Home Loan,758427,22568850,8.78,251,6610,Low,Active,754
LN-0215,Tushar Bajaj,Home Loan,1098164,30490355,9.48,247,10125,Low,Active,807
LN-0585,Swati Rangan,Education Loan,117445,0,12.42,66,2465,High,Closed,574
LN-0132,Sunita Chauhan,Home Loan,1604764,44082466,9.47,143,18761,Low,Active,882
LN-0059,Ritu Saxena,Auto Loan,125375,3126079,9.86,50,3068,Low,Active,848
LN-0072,Neha Kapoor,Auto Loan,64956,1628780,10.01,62,1346,Medium,Active,743
LN-0265,Deepika Joshi,Home Loan,864759,28074465,8,308,6620,Low,Active,830
LN-0287,Manish Agarwal,Education Loan,140076,2813345,13.23,84,2566,Low,Active,882
LN-0125,Rajesh Sharma,Business Loan,662600,12006973,13.03,28,27571,High,Active,622
LN-0508,Pallavi Narayan,Home Loan,1750286,66007231,6.55,93,24050,Low,Active,725
LN-0191,Ashok Hegde,Business Loan,564844,10692375,12,138,7565,Critical,Active,358
LN-0198,Ravi Dubey,Gold Loan,3661,48030,15.47,28,157,Medium,Active,726
LN-0493,Deepika Joshi,Home Loan,1712659,0,9.08,216,16124,Medium,Closed,624
LN-0542,Rajesh Sharma,Home Loan,852149,26039852,7.06,225,6841,Medium,Active,693
LN-0307,Neha Kapoor,Gold Loan,6306,0,11.3,33,223,High,Closed,597
LN-0525,Arjun Verma,Auto Loan,28649,620564,9.87,75,513,Medium,Active,655
LN-0539,Sneha Gupta,Home Loan,1815960,56948923,6.79,160,17282,Low,Active,866
LN-0019,Pradeep Pandey,Home Loan,1898345,43660479,9.07,64,37522,High,Active,541
LN-0197,Ananya Reddy,Business Loan,2538632,55193236,9.89,81,43082,Low,Active,721
LN-0005,Vikram Singh,Home Loan,590243,19096453,6.68,336,3888,High,Active,633
LN-0087,Rekha Iyer,Education Loan,35918,636170,12.75,96,599,Medium,Active,685
LN-0241,Ananya Reddy,Auto Loan,25950,17496,10.22,76,465,High,NPA,538
LN-0408,Manish Agarwal,Auto Loan,124879,0,9.85,32,4453,Low,Closed,882
LN-0108,Sarita Menon,Home Loan,161678,3812399,9.48,283,1432,Low,Active,849
LN-0257,Pradeep Pandey,Education Loan,146200,2916686,10.89,77,2647,Medium,Active,661
LN-0358,Swati Rangan,Education Loan,197735,0,9.5,54,4514,Critical,Closed,356
LN-0536,Pallavi Narayan,Home Loan,642190,14983053,9.46,158,7122,Low,Active,804
LN-0232,Arjun Verma,Business Loan,1049780,17162520,13.87,80,20182,Low,Active,741
LN-0517,Ravi Dubey,Home Loan,612593,263543,7.8,269,4827,High,NPA,625
LN-0557,Pradeep Pandey,Auto Loan,115647,2576795,9.18,52,2704,High,Active,529
LN-0180,Sunita Chauhan,Auto Loan,89525,0,11.32,38,2814,Medium,Closed,737
LN-0243,Sanjay Mishra,Business Loan,2181932,44313869,10.2,51,52903,Low,Active,749
LN-0549,Gaurav Trivedi,Business Loan,1801179,30824825,13.29,96,30566,Medium,Restructured,719
LN-0145,Rekha Iyer,Gold Loan,15611,9320,15.01,10,1670,Critical,NPA,472
LN-0242,Ashok Hegde,Business Loan,649654,10794261,14.06,147,9288,Critical,Active,399
LN-0584,Ananya Reddy,Auto Loan,148901,2728388,11.82,63,3183,High,Restructured,531
LN-0223,Varun Malhotra,Auto Loan,45650,0,10.52,34,1559,Medium,Closed,626
LN-0258,Sneha Gupta,Personal Loan,68112,1043718,13.35,34,2417,Medium,Active,735
LN-0344,Ashok Hegde,Business Loan,2935153,46410806,14.92,143,44013,High,Active,520
LN-0498,Sarita Menon,Home Loan,1914608,55301879,7.06,69,33841,High,Active,599
LN-0555,Ritu Saxena,Personal Loan,66371,969184,12.23,21,3527,Critical,Active,442
LN-0088,Lata Kulkarni,Home Loan,562770,13278759,9.5,358,4737,Low,Active,751
LN-0355,Pooja Das,Business Loan,1761543,35858889,10.87,105,26071,Low,Restructured,887
LN-0553,Shalini Ahuja,Education Loan,136784,2513128,11.89,69,2746,Medium,Active,672
LN-0175,Vikram Singh,Home Loan,1364501,40074361,7.39,243,10842,Medium,Active,732
LN-0196,Lata Kulkarni,Home Loan,1271731,0,7.61,281,9708,High,Closed,520
LN-0277,Ashok Hegde,Home Loan,1791821,0,6.9,222,14310,High,Closed,654
LN-0456,Nikhil Chatterjee,Home Loan,1590134,50407095,6.56,101,20530,Low,Active,869
LN-0483,Tushar Bajaj,Education Loan,98001,2278242,9.34,109,1337,High,Active,578
LN-0151,Amit Kumar,Auto Loan,19464,488783,7.44,34,637,Medium,Active,693
LN-0274,Pallavi Narayan,Auto Loan,16664,420471,7.4,34,545,Low,Active,796
LN-0347,Amit Kumar,Personal Loan,35511,0,15.61,27,1568,Low,Closed,838
LN-0521,Meena Pillai,Home Loan,349054,7906939,9.3,69,6550,Medium,Restructured,647
LN-0002,Gaurav Trivedi,Home Loan,371792,9426799,8.46,109,4899,Medium,Restructured,676
LN-0323,Arjun Verma,Business Loan,2083688,914357,14.64,116,33669,High,NPA,566
LN-0007,Arjun Verma,Auto Loan,26562,533193,10.55,60,572,Medium,Active,692
LN-0163,Anita Bose,Business Loan,1767238,38886517,9.86,94,27060,Critical,Active,361
LN-0593,Vikram Singh,Auto Loan,85210,46538,10.82,26,3691,Critical,NPA,339
LN-0383,Vikram Singh,Gold Loan,43886,528590,9.78,11,4187,Low,Active,828
LN-0275,Nikhil Chatterjee,Personal Loan,13639,0,13.49,38,443,Medium,Closed,727
LN-0380,Varun Malhotra,Education Loan,47918,0,12.9,65,1028,Medium,Closed,691
LN-0248,Dinesh Bhatt,Home Loan,1238341,1173873,7.38,283,9247,High,NPA,608
LN-0288,Ravi Dubey,Home Loan,1765791,47186629,8.23,276,14275,Low,Active,794
LN-0575,Ritu Saxena,Business Loan,2699730,42933624,14.83,147,39928,Medium,Active,722
LN-0134,Sneha Gupta,Personal Loan,42376,606795,10.91,16,2858,Medium,Active,725
LN-0402,Dinesh Bhatt,Auto Loan,123091,0,9.51,75,2183,Low,Closed,765
LN-0409,Meena Pillai,Business Loan,2442490,0,12.64,89,42423,Medium,Closed,655
LN-0512,Amit Kumar,Home Loan,452795,372022,9.03,142,5201,Critical,NPA,358
LN-0006,Amit Kumar,Personal Loan,59983,698502,16.51,42,1890,High,Active,576
LN-0328,Kavita Nair,Home Loan,1904762,0,6.56,126,20956,Critical,Closed,445
LN-0366,Pooja Das,Home Loan,1204871,0,7.53,234,9836,Low,Closed,884
LN-0389,Kiran Rao,Auto Loan,117683,2553231,8.36,79,1942,Low,Active,798
LN-0538,Shalini Ahuja,Auto Loan,81601,906324,10.3,14,6211,Critical,Restructured,461
LN-0546,Rajesh Sharma,Home Loan,1210070,31990767,7.01,169,11286,Low,Active,846
LN-0192,Sunita Chauhan,Business Loan,721248,11123635,13.17,165,9481,Medium,Restructured,676
LN-0424,Sunita Chauhan,Personal Loan,78310,1333369,10.31,45,2106,Low,Active,845
LN-0296,Tushar Bajaj,Auto Loan,105677,0,9.03,53,2425,Medium,Closed,691
LN-0266,Pooja Das,Business Loan,2491569,40766258,11.62,74,47318,Low,Restructured,863
LN-0510,Pooja Das,Education Loan,149895,0,10.43,54,3490,Medium,Closed,623
LN-0595,Hemant Deshmukh,Home Loan,633002,16537612,6.75,78,10048,Medium,Active,724
LN-0237,Neha Kapoor,Business Loan,2285319,31908741,14.94,178,31988,Low,Active,801
LN-0386,Ritu Saxena,Home Loan,250127,6144675,7.39,99,3382,High,Active,563
LN-0098,Kiran Rao,Business Loan,2067397,33620281,12.02,100,32824,Low,Active,804
LN-0100,Ravi Dubey,Education Loan,114997,1858157,11.71,69,2298,Critical,Active,359
LN-0220,Pallavi Narayan,Auto Loan,37384,662647,10.13,54,865,Medium,Active,714
LN-0038,Rajesh Sharma,Home Loan,1058067,0,7.23,116,12703,Low,Closed,788
LN-0165,Ravi Dubey,Personal Loan,71831,895883,15.88,57,1803,High,Active,619
LN-0588,Manish Agarwal,Business Loan,2638112,2413066,13.08,54,64892,High,NPA,523
LN-0093,Tushar Bajaj,Home Loan,665100,342886,8.73,266,5662,Critical,NPA,479
LN-0138,Lata Kulkarni,Personal Loan,72523,917108,15.23,49,1997,High,Active,629
LN-0516,Lata Kulkarni,Home Loan,1168219,0,8.7,227,10508,High,Closed,618
LN-0574,Sneha Gupta,Education Loan,162747,2312694,12.45,38,5204,Critical,Restructured,409
LN-0263,Varun Malhotra,Auto Loan,89272,1445867,11.55,63,1896,Low,Active,843
LN-0261,Amit Kumar,Home Loan,1339107,33776370,7.52,314,9765,High,Active,533
LN-0309,Rajesh Sharma,Personal Loan,8274,5245,13.62,46,232,Critical,NPA,430
LN-0235,Nikhil Chatterjee,Personal Loan,60716,651844,14.59,21,3293,Low,Active,776
LN-0256,Pallavi Narayan,Business Loan,1071382,15793263,11.56,34,37103,Low,Active,790
LN-0446,Neha Kapoor,Personal Loan,27981,0,17.94,49,810,Low,Closed,840
LN-0518,Arjun Verma,Auto Loan,113373,104240,10.59,13,9269,Critical,NPA,337
LN-0299,Meena Pillai,Education Loan,195252,3813034,9.29,67,3746,High,Active,660
LN-0183,Hemant Deshmukh,Auto Loan,93163,1550416,9.87,33,3235,Medium,Active,628
LN-0202,Kiran Rao,Personal Loan,29808,0,10.35,47,774,Low,Closed,871
LN-0253,Shalini Ahuja,Auto Loan,24257,331499,9.31,17,1529,Critical,Active,472
LN-0283,Ashok Hegde,Home Loan,1757148,39552447,8.43,176,17427,Low,Active,834
LN-0372,Pradeep Pandey,Personal Loan,65243,1052333,11.33,53,1570,Critical,Active,464
LN-0034,Dinesh Bhatt,Personal Loan,43636,0,10.12,38,1347,Medium,Closed,636
LN-0325,Sunita Chauhan,Personal Loan,87559,1156872,13.18,33,3178,Medium,Active,678
LN-0467,Pallavi Narayan,Home Loan,1421913,30754360,8.92,252,12504,Low,Active,786
LN-0529,Sunita Chauhan,Business Loan,1172444,25813328,8.63,167,12083,Low,Active,826
LN-0089,Sarita Menon,Education Loan,141629,2853425,9.32,103,2003,Medium,Active,738
LN-0104,Meena Pillai,Gold Loan,34513,516463,9.89,23,1653,Low,Active,731
LN-0186,Vikram Singh,Auto Loan,102641,2039649,8.37,40,2949,Medium,Active,638
LN-0494,Rekha Iyer,Business Loan,1025041,0,10.82,82,17740,Low,Closed,759
LN-0222,Arjun Verma,Home Loan,1652424,41653148,7.26,117,19748,Critical,Active,480
LN-0011,Dinesh Bhatt,Business Loan,2901778,0,13.73,89,52146,Low,Closed,820
LN-0185,Nikhil Chatterjee,Education Loan,112119,1995917,10.78,101,1693,Medium,Active,689
LN-0054,Suresh Iyer,Auto Loan,139476,2875952,7.97,39,4071,Critical,Restructured,308
LN-0318,Arjun Verma,Business Loan,289652,4701063,12.41,180,3553,Low,Active,882
LN-0545,Sneha Gupta,Home Loan,185822,0,9.2,85,2983,High,Closed,626
LN-0194,Meena Pillai,Auto Loan,138154,3161719,7.41,50,3220,High,Active,565
LN-0298,Ritu Saxena,Auto Loan,72669,1147301,9.43,24,3334,Low,Active,888
LN-0322,Kiran Rao,Home Loan,458113,11318004,7.71,348,3299,Medium,Active,708
LN-0334,Kiran Rao,Home Loan,1751404,1121054,9.18,181,17906,High,NPA,645
LN-0377,Vikram Singh,Home Loan,1708900,43853697,7.36,281,12772,Medium,Restructured,636
LN-0047,Priya Patel,Home Loan,364205,192508,9.37,234,3394,High,NPA,613
LN-0543,Dinesh Bhatt,Auto Loan,124243,2583793,7.36,30,4547,Low,Active,781
LN-0434,Sanjay Mishra,Education Loan,133543,0,9.48,85,2163,Low,Closed,858
LN-0503,Swati Rangan,Personal Loan,39966,530254,13.11,33,1449,Critical,Active,522
LN-0562,Sneha Gupta,Education Loan,182535,3741975,8.57,56,3966,High,Restructured,520
LN-0254,Hemant Deshmukh,Auto Loan,111431,0,10.36,44,3055,Medium,Closed,633
LN-0385,Shalini Ahuja,Personal Loan,63957,651687,17.13,45,1936,Medium,Active,746
LN-0416,Neha Kapoor,Business Loan,239817,3252745,12.5,67,4990,Medium,Active,657
LN-0435,Tushar Bajaj,Home Loan,1739522,0,7.27,156,17269,Low,Closed,829
LN-0451,Rajesh Sharma,Home Loan,1792820,45579506,6.51,332,11661,Medium,Active,629
LN-0477,Vikram Singh,Home Loan,1233207,0,8.7,137,14230,Medium,Closed,706
LN-0437,Sneha Gupta,Auto Loan,84960,1169479,10.96,38,2656,Medium,Active,700
LN-0362,Ananya Reddy,Auto Loan,18188,342977,8.31,66,344,Low,Active,755
LN-0410,Rekha Iyer,Personal Loan,28808,0,16.25,39,956,Critical,Closed,317
LN-0485,Kavita Nair,Home Loan,1085659,23570470,7.62,164,10674,High,Active,584
LN-0061,Arjun Verma,Business Loan,2223016,2093407,14.6,49,60494,Critical,NPA,488
LN-0176,Nikhil Chatterjee,Gold Loan,31906,14410,11.06,32,1156,High,NPA,537
LN-0294,Sarita Menon,Auto Loan,85107,61289,7.72,36,2656,High,NPA,560
LN-0457,Hemant Deshmukh,Home Loan,845777,20196424,6.99,338,5731,High,Active,536
LN-0147,Kavita Nair,Business Loan,976653,0,11.36,112,14183,Low,Closed,720
LN-0530,Ravi Dubey,Auto Loan,131593,1984173,8.37,25,5754,Low,Active,813
LN-0189,Anita Bose,Business Loan,2012467,34424700,10.03,144,24085,Medium,Restructured,709
LN-0550,Pallavi Narayan,Education Loan,61617,0,9.91,47,1587,High,Closed,657
LN-0167,Deepika Joshi,Auto Loan,127604,0,10.29,59,2765,Low,Closed,835
LN-0591,Dinesh Bhatt,Personal Loan,47186,0,10.15,40,1395,Medium,Closed,665
LN-0488,Ravi Dubey,Business Loan,2028409,30686405,11.61,134,27077,Critical,Active,468
LN-0064,Ravi Dubey,Education Loan,98709,1384254,11.9,64,2091,Critical,Active,432
LN-0146,Pradeep Pandey,Personal Loan,42211,458377,16.25,54,1107,Medium,Active,635
LN-0528,Neha Kapoor,Home Loan,1229310,917378,8.84,240,10934,High,NPA,548
LN-0455,Pallavi Narayan,Auto Loan,46375,563729,9.67,20,2520,High,Active,562
LN-0489,Ananya Reddy,Gold Loan,35352,0,15.9,19,2117,High,Closed,543
LN-0139,Vikram Singh,Personal Loan,86554,1170083,11.7,45,2385,Medium,Restructured,657
LN-0321,Sunita Chauhan,Business Loan,2256938,34424827,11.57,152,28356,Critical,Active,351
LN-0097,Shalini Ahuja,Personal Loan,97033,906824,17.42,31,3909,Critical,Active,542
LN-0159,Dinesh Bhatt,Business Loan,401266,5704298,12.05,81,7262,High,Active,524
LN-0027,Varun Malhotra,Business Loan,1567032,0,10.69,38,48792,Medium,Closed,673
LN-0317,Rohan Mehta,Personal Loan,67091,897667,11.19,36,2203,Medium,Active,629
LN-0343,Varun Malhotra,Education Loan,190007,2627801,12.82,109,2959,Critical,Restructured,350
LN-0310,Sanjay Mishra,Personal Loan,55060,0,16.44,51,1507,High,Closed,640
LN-0360,Rekha Iyer,Home Loan,1188699,0,7.57,357,8387,High,Closed,639
LN-0040,Pradeep Pandey,Education Loan,122125,1793733,11.77,97,1957,Medium,Active,698
LN-0544,Anita Bose,Home Loan,426425,9423872,7.63,326,3105,Low,Active,862
LN-0282,Pallavi Narayan,Education Loan,33971,505035,11.57,95,548,Low,Active,756
LN-0414,Rajesh Sharma,Auto Loan,109935,1397863,11.51,32,4006,Low,Active,779
LN-0420,Lata Kulkarni,Personal Loan,11270,119304,16.46,48,322,High,Restructured,544
LN-0583,Kiran Rao,Business Loan,169646,0,12.35,119,2479,Low,Closed,739
LN-0227,Priya Patel,Home Loan,741360,14310932,8.63,130,8797,Medium,Active,703
LN-0405,Anita Bose,Business Loan,1857672,24958652,13.47,132,27051,Medium,Restructured,640
LN-0137,Ritu Saxena,Home Loan,266297,5572588,7.64,92,3833,High,Active,523
LN-0195,Sanjay Mishra,Personal Loan,95547,0,13.74,48,2599,Medium,Closed,723
LN-0422,Amit Kumar,Auto Loan,75345,776041,7.6,13,6056,Medium,Active,676
LN-0181,Rekha Iyer,Personal Loan,84071,874817,12.47,30,3276,Low,Active,761
LN-0431,Kiran Rao,Education Loan,119025,69151,10.31,51,2892,High,NPA,532
LN-0459,Swati Rangan,Education Loan,175088,0,10.66,96,2718,Low,Closed,778
LN-0590,Dinesh Bhatt,Auto Loan,41146,18999,10.69,80,721,High,NPA,593
LN-0029,Rekha Iyer,Education Loan,139683,1723131,12.29,65,2954,High,Active,634
LN-0201,Shalini Ahuja,Business Loan,2075422,30562468,9.65,60,43740,High,Active,544
LN-0043,Tushar Bajaj,Education Loan,70979,934548,12.11,120,1023,Low,Active,757
LN-0468,Kavita Nair,Gold Loan,15163,198967,9.62,34,511,Medium,Active,712
LN-0238,Nikhil Chatterjee,Auto Loan,118649,2022229,7.8,51,2741,High,Restructured,604
LN-0556,Rekha Iyer,Auto Loan,110035,1362931,10.25,33,3841,Medium,Active,736
LN-0217,Deepika Joshi,Home Loan,319991,6035726,8.14,350,2395,Low,Active,800
LN-0319,Anita Bose,Home Loan,1129693,19133359,9.22,298,9668,Low,Active,813
LN-0502,Pooja Das,Auto Loan,119784,2389626,7.02,84,1809,Medium,Active,644
LN-0075,Kavita Nair,Auto Loan,59327,31818,9.33,73,1068,High,NPA,651
LN-0259,Tushar Bajaj,Gold Loan,9278,0,14.53,25,432,Medium,Closed,744
LN-0436,Tushar Bajaj,Home Loan,191528,3576184,8.23,333,1464,Medium,Active,666
LN-0122,Ravi Dubey,Home Loan,1696378,0,7.46,315,12291,Low,Closed,887
LN-0388,Varun Malhotra,Education Loan,198254,0,9.43,68,3775,Low,Closed,750
LN-0090,Pooja Das,Auto Loan,98560,66620,7.31,39,2847,Critical,NPA,316
LN-0133,Dinesh Bhatt,Auto Loan,97180,1299180,9.39,34,3266,Low,Active,765
LN-0249,Ravi Dubey,Personal Loan,88451,1033424,11.65,38,2795,Low,Active,877
LN-0379,Priya Patel,Personal Loan,96015,840966,16.7,33,3648,Critical,Active,350
LN-0001,Ashok Hegde,Auto Loan,141043,0,8.01,14,10586,Medium,Closed,704
LN-0025,Ritu Saxena,Personal Loan,13502,102251,13.12,17,875,Low,Active,806
LN-0342,Ravi Dubey,Auto Loan,30996,498287,8.34,50,736,Low,Active,839
LN-0107,Kiran Rao,Home Loan,891034,17085598,7.6,116,10869,High,Restructured,578
LN-0581,Ananya Reddy,Gold Loan,36530,0,9.06,14,2759,Low,Closed,887
LN-0164,Deepika Joshi,Personal Loan,36789,307023,13.88,21,1983,Medium,Active,715
LN-0368,Kiran Rao,Business Loan,112314,0,9.6,156,1263,Low,Closed,823
LN-0284,Anita Bose,Auto Loan,46368,778143,8.44,71,832,Low,Restructured,739
LN-0579,Sneha Gupta,Business Loan,2366945,1099675,12.67,118,35177,High,NPA,617
LN-0032,Ashok Hegde,Personal Loan,53023,577003,10.4,24,2457,Low,Active,784
LN-0421,Sunita Chauhan,Home Loan,297192,6132243,7.33,347,2065,Low,Active,772
LN-0102,Anita Bose,Gold Loan,23418,215944,13.48,25,1080,High,Active,605
LN-0374,Sarita Menon,Home Loan,1192971,0,8.43,106,15998,Medium,Closed,654
LN-0004,Neha Kapoor,Gold Loan,6985,0,14.17,16,482,Medium,Closed,621
LN-0173,Ananya Reddy,Auto Loan,100820,1577528,9.27,75,1776,Low,Active,817
LN-0212,Neha Kapoor,Auto Loan,19124,260897,10.53,57,428,Low,Active,720
LN-0471,Deepika Joshi,Gold Loan,48572,0,10.41,19,2784,High,Closed,550
LN-0540,Shalini Ahuja,Auto Loan,140131,1897111,10.77,61,2993,Low,Active,748
LN-0571,Rohan Mehta,Personal Loan,70956,0,11.17,13,5820,High,Closed,578
LN-0078,Swati Rangan,Auto Loan,107843,49774,9.88,64,2175,Critical,NPA,499
LN-0182,Pooja Das,Business Loan,1728349,21784552,12.42,86,30448,Medium,Active,666
LN-0346,Manish Agarwal,Home Loan,1263624,26672575,6.73,105,15956,High,Active,621
LN-0000,Pallavi Narayan,Education Loan,32084,501864,9.53,94,486,Critical,Active,532
LN-0023,Sunita Chauhan,Personal Loan,47884,0,11.94,50,1220,Medium,Closed,640
LN-0149,Priya Patel,Personal Loan,20189,154084,12.97,17,1306,Low,Active,722
LN-0336,Priya Patel,Personal Loan,54758,474429,16.98,33,2088,Medium,Active,698
LN-0352,Sarita Menon,Education Loan,118677,1296135,12.54,36,3972,Medium,Active,640
LN-0415,Ashok Hegde,Auto Loan,58983,52449,11.85,81,1061,High,NPA,557
LN-0073,Pallavi Narayan,Auto Loan,58890,0,8.9,53,1348,High,Closed,564
LN-0370,Vikram Singh,Auto Loan,33305,224000,11.89,14,2559,Medium,Restructured,671
LN-0363,Anita Bose,Auto Loan,32171,496451,9.54,82,536,Critical,Active,307
LN-0350,Swati Rangan,Auto Loan,73616,1148952,7.81,35,2359,Medium,Active,667
LN-0592,Swati Rangan,Auto Loan,144842,1969182,10.68,60,3126,Medium,Restructured,733
LN-0039,Ashok Hegde,Education Loan,195581,2419914,11.61,109,2912,Low,Active,887
LN-0114,Priya Patel,Education Loan,110053,1229860,12.5,68,2267,Medium,Active,691
LN-0170,Pallavi Narayan,Home Loan,127649,2065224,8.72,269,1082,Medium,Active,646
LN-0533,Gaurav Trivedi,Auto Loan,16071,218638,8.02,35,516,Low,Active,887
LN-0184,Ashok Hegde,Home Loan,1793543,32051286,7.68,219,15250,High,Active,623
LN-0572,Vikram Singh,Home Loan,1169677,484767,8.48,149,12721,Critical,NPA,470
LN-0045,Pallavi Narayan,Business Loan,1618976,15214406,14.52,45,46869,Low,Restructured,869
LN-0487,Ashok Hegde,Business Loan,2087537,22256213,11.21,36,68551,Low,Active,748
LN-0022,Swati Rangan,Home Loan,171044,0,7.33,210,1448,Low,Closed,839
LN-0142,Rajesh Sharma,Personal Loan,8121,45525,15.84,16,566,Medium,Active,710
LN-0225,Suresh Iyer,Business Loan,834920,12656626,8.67,83,13410,Low,Active,749
LN-0230,Lata Kulkarni,Personal Loan,99287,79077,10.62,24,4610,Critical,NPA,369
LN-0278,Swati Rangan,Home Loan,1780275,28356056,8.9,283,15065,High,Restructured,589
LN-0443,Tushar Bajaj,Home Loan,145081,2331329,8.72,213,1341,Medium,Active,733
LN-0427,Anita Bose,Home Loan,1373948,932119,8.69,238,12127,Critical,NPA,353
LN-0066,Ashok Hegde,Home Loan,1477924,941957,9.26,88,23200,Critical,NPA,357
LN-0301,Sunita Chauhan,Home Loan,143878,0,9.2,306,1221,Critical,Closed,514
LN-0375,Shalini Ahuja,Home Loan,166915,3297317,6.82,218,1337,Medium,Active,621
LN-0166,Sneha Gupta,Personal Loan,62947,628676,13.69,50,1659,Low,Active,749
LN-0205,Deepika Joshi,Home Loan,1183494,18582985,8.97,213,11123,Low,Active,887
LN-0570,Gaurav Trivedi,Home Loan,1886225,0,6.89,249,14257,Low,Closed,871
LN-0276,Suresh Iyer,Auto Loan,41257,484326,11.63,66,849,Low,Active,874
LN-0320,Varun Malhotra,Auto Loan,56167,732316,9.31,46,1457,High,Active,618
LN-0417,Sunita Chauhan,Home Loan,1411809,0,8.85,310,11601,High,Closed,571
LN-0076,Varun Malhotra,Auto Loan,16310,228074,9.35,70,303,Medium,Active,665
LN-0070,Kavita Nair,Personal Loan,78579,538547,17.66,24,3910,Medium,Active,665
LN-0541,Kavita Nair,Auto Loan,68146,35530,7.24,84,1037,High,NPA,566
LN-0589,Rajesh Sharma,Home Loan,678403,11700814,7.19,69,12033,Critical,Active,449
LN-0495,Ananya Reddy,Auto Loan,125957,1444880,9.77,33,4368,Medium,Active,626
LN-0450,Pallavi Narayan,Education Loan,172516,2327572,10.46,119,2335,Critical,Active,414
LN-0567,Gaurav Trivedi,Home Loan,772304,14414487,7.33,249,6044,Low,Active,822
LN-0148,Varun Malhotra,Business Loan,1243115,16166894,11.27,178,14403,Medium,Active,624
LN-0392,Neha Kapoor,Education Loan,30147,348105,12.74,110,466,Medium,Active,653
LN-0152,Tushar Bajaj,Auto Loan,92936,1084197,9.68,34,3136,Low,Active,871
LN-0245,Nikhil Chatterjee,Education Loan,138440,0,10.75,77,2496,Medium,Closed,715
LN-0599,Ritu Saxena,Auto Loan,108430,840370,9.88,17,6861,Medium,Active,743
LN-0292,Pooja Das,Business Loan,2051067,1739918,8.6,158,21731,Critical,NPA,421
LN-0597,Rohan Mehta,Education Loan,135938,1636003,12.01,106,2087,Low,Active,875
LN-0286,Sanjay Mishra,Auto Loan,43652,731669,7.32,63,837,High,Active,636
LN-0432,Manish Agarwal,Home Loan,1591292,0,9.03,355,12874,Critical,Closed,433
LN-0566,Hemant Deshmukh,Home Loan,1121696,20529404,7.54,292,8396,High,Active,545
LN-0153,Amit Kumar,Auto Loan,16735,15085,10.86,51,411,Critical,NPA,481
LN-0376,Pradeep Pandey,Home Loan,1345299,24981793,7.34,221,11118,Medium,Active,667
LN-0396,Swati Rangan,Home Loan,600295,10946996,7.24,125,6853,Medium,Restructured,685
LN-0130,Neha Kapoor,Auto Loan,62343,758388,10.32,48,1591,Low,Active,759
LN-0425,Sanjay Mishra,Home Loan,1944655,32283357,8.13,129,22658,High,Active,530
LN-0514,Anita Bose,Education Loan,197820,3042647,8.63,92,2947,Low,Active,824
LN-0534,Pradeep Pandey,Auto Loan,83303,0,9.49,13,6768,Low,Closed,743
LN-0028,Hemant Deshmukh,Auto Loan,102296,1180554,11.76,62,2209,Low,Restructured,752
LN-0466,Ashok Hegde,Home Loan,372490,0,6.57,336,2427,Medium,Closed,640
LN-0068,Sneha Gupta,Business Loan,532165,6379637,11.25,158,6470,Low,Restructured,840
LN-0085,Ashok Hegde,Auto Loan,114173,688693,11.67,17,7319,Low,Active,723
LN-0390,Pradeep Pandey,Gold Loan,46912,116858,12.59,8,6144,Low,Active,744
LN-0295,Rajesh Sharma,Business Loan,2657604,20439571,12.19,24,125339,Medium,Active,732
LN-0326,Neha Kapoor,Gold Loan,44605,205184,15.37,15,3287,Medium,Active,671
LN-0438,Neha Kapoor,Home Loan,1064810,15025114,9.32,243,9759,Low,Active,870
LN-0110,Deepika Joshi,Auto Loan,136590,1400978,11.52,48,3565,Medium,Active,706
LN-0547,Deepika Joshi,Personal Loan,30630,17302,11.11,22,1545,High,NPA,579
LN-0582,Shalini Ahuja,Personal Loan,96306,714818,16.2,33,3636,Low,Restructured,833
LN-0080,Ravi Dubey,Education Loan,34180,417211,10.49,97,524,Low,Active,867
LN-0172,Amit Kumar,Auto Loan,21644,231605,10.55,44,595,Low,Active,773
LN-0160,Swati Rangan,Home Loan,1556271,24607892,8.15,297,12204,Low,Active,833
LN-0439,Ashok Hegde,Personal Loan,97140,701682,14.91,27,4257,Low,Active,737
LN-0464,Rekha Iyer,Auto Loan,129161,1434923,11.65,83,2274,Medium,Active,661
LN-0086,Suresh Iyer,Home Loan,1995697,0,8.37,181,19447,Low,Closed,766
LN-0462,Varun Malhotra,Home Loan,636328,441926,8.22,298,5015,High,NPA,539
LN-0084,Sarita Menon,Home Loan,1699084,27195285,7.16,76,27873,Low,Active,870
LN-0327,Manish Agarwal,Home Loan,452849,0,9.1,127,5567,High,Closed,559
LN-0586,Arjun Verma,Personal Loan,67537,61597,10.09,41,1954,Critical,NPA,434
LN-0052,Suresh Iyer,Personal Loan,10180,64241,15.71,22,536,Low,Restructured,752
LN-0161,Amit Kumar,Home Loan,1801445,30159888,6.98,92,25341,Low,Active,807
LN-0526,Amit Kumar,Business Loan,1733255,21852335,10.47,146,21042,Medium,Active,739
LN-0053,Vikram Singh,Auto Loan,142220,100850,10.03,30,5380,Critical,NPA,390
LN-0129,Shalini Ahuja,Education Loan,147854,1874294,9.53,72,2704,Low,Active,769
LN-0251,Shalini Ahuja,Auto Loan,90873,1423826,7.01,60,1800,Medium,Active,643
LN-0403,Amit Kumar,Personal Loan,87461,905691,10.31,37,2769,High,Active,597
LN-0412,Meena Pillai,Education Loan,156152,0,9.77,101,2274,Low,Closed,783
LN-0441,Sarita Menon,Gold Loan,39735,184690,14.96,15,2921,Medium,Active,692
LN-0537,Hemant Deshmukh,Business Loan,2170111,2041185,14.68,123,34216,Critical,NPA,480
LN-0012,Pradeep Pandey,Education Loan,50466,41828,11.75,116,730,High,NPA,602
LN-0109,Pooja Das,Business Loan,2327528,2029510,8.16,176,22720,Critical,NPA,495
LN-0115,Arjun Verma,Personal Loan,8609,81966,12.98,50,224,Low,Active,746
LN-0393,Pallavi Narayan,Home Loan,712477,12004149,6.66,72,12031,High,Active,530
LN-0337,Neha Kapoor,Auto Loan,59007,809841,8.37,63,1161,Critical,Active,368
LN-0348,Dinesh Bhatt,Auto Loan,104396,60173,10.23,26,4494,Critical,NPA,423
LN-0365,Tushar Bajaj,Gold Loan,10038,25174,15.64,8,1329,Low,Active,867
LN-0448,Hemant Deshmukh,Home Loan,848360,14447026,7.21,154,8460,Low,Active,764
LN-0515,Nikhil Chatterjee,Auto Loan,130614,1459336,7.55,26,5461,Low,Active,798
LN-0444,Ashok Hegde,Home Loan,800891,638708,8.43,290,6477,High,NPA,547
LN-0548,Priya Patel,Personal Loan,10568,7635,17.9,28,464,Critical,NPA,494
LN-0349,Ravi Dubey,Auto Loan,56572,53735,7.91,44,1485,High,NPA,584
LN-0522,Sunita Chauhan,Personal Loan,12924,10417,12.83,33,467,Critical,NPA,368
LN-0341,Pooja Das,Education Loan,15664,0,8.8,67,297,Low,Closed,867
LN-0511,Pradeep Pandey,Education Loan,28901,0,13.33,77,560,Low,Closed,740
LN-0234,Ashok Hegde,Auto Loan,90294,80652,11.23,62,1926,Critical,NPA,305
LN-0394,Sarita Menon,Auto Loan,115209,0,9.35,59,2443,Medium,Closed,703
LN-0179,Shalini Ahuja,Personal Loan,58931,0,15.76,46,1715,Critical,Closed,478
LN-0527,Swati Rangan,Home Loan,1310836,0,7.94,190,12141,Critical,Closed,498
LN-0208,Manish Agarwal,Gold Loan,5868,0,11.88,19,340,Low,Closed,741
LN-0332,Amit Kumar,Gold Loan,7881,0,12.85,25,361,Medium,Closed,632
LN-0030,Arjun Verma,Auto Loan,48172,0,7.28,59,974,Medium,Closed,731
LN-0384,Sarita Menon,Education Loan,17706,0,13.04,119,266,High,Closed,579
LN-0046,Varun Malhotra,Home Loan,1906788,0,7.56,114,23496,Low,Closed,771
LN-0573,Rekha Iyer,Auto Loan,115802,0,8.21,63,2269,Critical,Closed,508
LN-0150,Rohan Mehta,Business Loan,864087,0,11.68,40,26183,Low,Closed,866
LN-0221,Hemant Deshmukh,Home Loan,1594642,0,7.88,282,12435,High,Closed,621
